n_estimators,max_depth,learning_rate,subsample,colsample_bytree,min_child_weight,reg_alpha,val_rmse,val_acc
500,6,0.1,0.7,0.85,5,0.0,0.6054246226052712,0.5659482967710339
300,6,0.1,0.7,0.85,5,0.0,0.6054316268137448,0.5653566602192838
500,6,0.05,0.7,0.7,1,0.1,0.6248813733832724,0.5789063868672403
300,6,0.05,0.7,0.7,1,0.1,0.6250122980098197,0.5782864263548928
300,6,0.05,0.7,0.85,5,0.0,0.6257125819627407,0.5497330553202118
500,6,0.05,0.7,0.7,3,1.0,0.6277368135584895,0.5677468523576629
300,6,0.05,0.7,0.7,3,1.0,0.6277449929957268,0.5657808621109072
500,6,0.1,1.0,0.7,5,0.0,0.6277899474742238,0.5321735312081772
300,6,0.1,1.0,0.7,5,0.0,0.6278929301354447,0.5318234138283365
500,6,0.05,0.7,0.85,5,0.0,0.6279895797085877,0.54988009028848
300,5,0.05,0.7,0.85,3,0.1,0.6284560332039693,0.5536002613560184
300,4,0.05,0.7,0.85,5,1.0,0.6286209530608501,0.588468759176298
300,6,0.1,0.7,0.7,1,0.0,0.6292130506065391,0.5572520876355554
500,6,0.1,0.7,0.7,1,0.0,0.6293085709837326,0.5571174548637182
500,5,0.05,0.7,0.85,3,0.1,0.6302744765528168,0.5549562792980621
300,4,0.1,0.85,0.85,1,1.0,0.6309390299158161,0.5742236172080022
500,4,0.1,0.85,0.85,1,1.0,0.6316240320736026,0.5758340954485196
300,4,0.05,0.7,1.0,1,0.1,0.6319649304988127,0.5745848946568609
300,5,0.1,0.7,0.85,5,0.0,0.6323992554057163,0.5637196817260628
500,5,0.1,0.7,0.85,5,0.0,0.6328821282594115,0.5643438474192217
300,5,0.1,0.7,0.7,1,0.0,0.6335507257880177,0.5734061465548331
500,5,0.1,0.7,0.7,1,0.0,0.6337821410578356,0.5735927720871038
500,4,0.05,0.7,0.85,5,1.0,0.6339162843763366,0.5945991325950791
500,6,0.1,0.7,0.85,3,1.0,0.6348632299320337,0.5735156449062321
300,6,0.1,0.7,0.85,5,0.1,0.6350899868407259,0.5220178668283753
500,6,0.1,0.7,0.85,5,0.1,0.6352506907000455,0.5221653507873548
500,4,0.05,0.7,1.0,1,0.1,0.6359379960196869,0.5715499046727257
500,6,0.05,0.7,0.85,3,1.0,0.6359427809571965,0.576575406299389
300,6,0.05,0.7,0.85,3,1.0,0.6362041088396772,0.5755286001420533
300,6,0.1,0.7,0.85,3,1.0,0.6363930342992378,0.5726100110751811
500,5,0.1,0.7,0.85,3,1.0,0.6366838527774732,0.5716973861285368
500,5,0.05,0.7,0.7,1,1.0,0.6370958547985431,0.5552557154206315
500,6,0.1,0.7,0.85,1,1.0,0.6371916822948138,0.5541721582461592
300,4,0.1,1.0,0.7,3,0.1,0.6375225858204996,0.6066263541890851
300,4,0.05,0.7,1.0,3,1.0,0.6380040789057423,0.5668187683066754
300,4,0.05,0.7,0.7,1,0.0,0.638117928766359,0.5749724081939128
300,6,0.1,0.7,0.7,1,1.0,0.6385933247153469,0.5950020143349999
300,5,0.1,0.7,0.85,3,1.0,0.6386412497493428,0.5698971768463712
500,6,0.1,0.7,0.7,1,1.0,0.6387264400363207,0.5948969824550383
300,6,0.1,0.7,0.85,1,1.0,0.6390640067279223,0.5519499835092583
500,6,0.05,0.7,0.7,1,0.0,0.6396068796915687,0.5749707386664067
500,4,0.05,0.7,0.85,3,0.0,0.6396301550062988,0.5484978377995545
300,6,0.05,0.7,0.7,1,0.0,0.6396369598055577,0.5733800836699052
300,4,0.05,0.7,0.85,1,1.0,0.639765684043203,0.5495486181888576
300,4,0.05,0.7,0.85,3,0.0,0.6397826377025818,0.5444546392247759
300,6,0.1,0.85,1.0,3,0.1,0.6399941704998074,0.503214226506788
500,6,0.1,0.85,1.0,3,0.1,0.640085333455991,0.5032662497116605
300,5,0.1,0.7,1.0,1,0.1,0.6403059287138679,0.569073769225585
300,4,0.05,1.0,0.85,1,0.1,0.640427269555345,0.5841060256621229
500,4,0.05,0.7,0.85,1,1.0,0.6405642600608595,0.5547631111732678
500,4,0.1,1.0,0.7,3,0.1,0.6406728472563418,0.6056776958858371
300,4,0.1,0.7,0.85,5,0.0,0.6409348344956528,0.5735280165732631
300,5,0.05,0.7,1.0,1,1.0,0.6411230948629132,0.5719783919303456
300,4,0.05,0.85,0.85,1,0.1,0.6412760913675689,0.5651776888663741
500,4,0.05,1.0,0.85,1,0.1,0.6413437112087518,0.5770938317295378
500,5,0.1,0.7,1.0,1,0.1,0.6413495484185227,0.5684017933185139
500,5,0.1,1.0,0.7,1,0.0,0.6414086881603641,0.5328220599096034
300,5,0.1,1.0,0.7,1,0.0,0.6414308928103307,0.532829765791691
500,6,0.1,0.7,0.7,5,0.1,0.6414363233039816,0.5814191241403622
300,6,0.1,0.7,0.7,5,0.1,0.6415667053173054,0.5805740821025341
500,4,0.05,0.7,0.7,1,0.0,0.6417129359092936,0.5741742278112109
300,4,0.05,0.7,0.7,1,0.1,0.641816547745295,0.5941794273518173
500,4,0.1,0.7,0.85,5,0.0,0.6419372624410963,0.5728486548308
300,5,0.05,0.7,0.7,1,1.0,0.6420381835148182,0.5485300608226289
500,4,0.05,0.7,0.85,3,0.1,0.6421600098684374,0.5822722104176773
500,5,0.05,0.7,1.0,1,1.0,0.642378359828268,0.5738402476639787
300,4,0.05,0.7,0.85,3,0.1,0.6425163684587292,0.5719235959390023
300,6,0.1,0.7,0.85,5,1.0,0.6426688243546397,0.5161987999261612
300,4,0.05,0.85,0.85,3,0.0,0.643796783774366,0.5583543849696857
300,6,0.1,0.85,1.0,3,1.0,0.6439307343773675,0.6095098661316685
300,4,0.1,1.0,0.7,1,0.0,0.6439559384111135,0.5825768818098469
500,4,0.1,1.0,0.7,1,0.0,0.6440252516399535,0.5826454152942487
500,6,0.1,0.7,0.85,5,1.0,0.6441466966560451,0.5168379787228364
300,4,0.05,0.85,0.85,1,0.0,0.6442434712938765,0.5626723365519124
500,4,0.05,0.85,0.85,1,0.1,0.644309769492253,0.5612987627190755
500,6,0.1,0.85,1.0,3,1.0,0.6444852741207974,0.6123473325434919
500,4,0.05,1.0,0.7,3,1.0,0.6444953222123914,0.589933429304978
500,4,0.1,1.0,1.0,1,0.1,0.6445136969243368,0.6036278996912853
300,4,0.05,0.85,0.85,3,0.1,0.6445849834433832,0.5691280697125447
300,6,0.05,0.7,0.7,5,0.0,0.6446183800603391,0.565216097246211
500,5,0.05,0.7,0.7,1,0.1,0.6447336136795186,0.5544688030648165
300,4,0.05,1.0,0.7,3,1.0,0.644972480677461,0.58665115664037
500,6,0.05,0.7,0.7,5,0.0,0.6450030774177301,0.5668583941432338
300,5,0.05,0.7,0.85,3,0.0,0.6450126614470304,0.5494908709449493
500,5,0.1,1.0,0.7,5,0.0,0.6451057438736509,0.4949440169342663
500,4,0.05,0.7,1.0,3,1.0,0.6451729012521354,0.5686572427153919
300,4,0.05,0.7,0.7,5,0.1,0.6452634313427456,0.5786881058295353
500,4,0.05,0.7,0.7,1,0.1,0.6453571158790969,0.5957108415282505
300,4,0.1,0.85,0.85,3,1.0,0.6454734076246256,0.5921310626573062
300,4,0.05,0.7,1.0,5,1.0,0.6454779304729101,0.575150203855375
300,6,0.05,0.7,1.0,5,0.1,0.6456258232845848,0.515924868138681
500,4,0.1,0.85,0.85,3,1.0,0.6457161744542818,0.5936686114751453
500,5,0.05,0.7,0.85,3,0.0,0.6458619471349388,0.5522730877595465
300,6,0.1,0.7,1.0,5,0.1,0.6459109095760864,0.5019055629703676
300,5,0.1,1.0,0.7,5,0.0,0.6459468028592737,0.4914077330314627
300,6,0.1,0.85,1.0,5,0.0,0.6459569183592083,0.5840837438333285
500,5,0.05,0.7,0.85,1,0.0,0.646025001150197,0.5595947204211936
500,6,0.05,0.7,1.0,5,0.1,0.646084355779367,0.5182931667705518
500,6,0.1,0.7,1.0,5,0.1,0.646112847583481,0.5019679384652471
300,5,0.1,0.85,1.0,1,0.1,0.6461547560103208,0.5793115468977815
500,6,0.1,0.85,1.0,5,0.0,0.6461726085906297,0.5839955761686224
500,4,0.05,1.0,0.85,1,0.0,0.6461833318831419,0.5547685258671607
500,6,0.1,0.85,1.0,1,1.0,0.6462487862572707,0.5603849185417666
300,5,0.05,0.7,0.85,5,1.0,0.6462653896068673,0.5791197389120905
300,5,0.05,0.7,0.85,1,0.0,0.6463886812300637,0.5571857446711479
500,5,0.05,1.0,0.7,1,0.0,0.6466592486332777,0.5562645925576344
300,6,0.1,0.85,1.0,1,1.0,0.6467469844304374,0.5611223459856041
300,5,0.05,0.7,0.7,1,0.1,0.6467600373564604,0.550590230876754
500,6,0.05,0.7,0.7,3,0.0,0.6467601846939129,0.5599411650315486
500,4,0.05,0.85,0.85,3,0.1,0.6467711193804554,0.5650268718367767
500,5,0.1,0.85,1.0,1,0.1,0.6467969692829257,0.5786351974071909
300,4,0.05,0.7,1.0,1,1.0,0.6469010600286231,0.5554318592817752
300,4,0.05,0.7,0.7,3,0.1,0.6469349567158468,0.5798218870170221
300,4,0.1,1.0,1.0,1,0.1,0.6469512111086614,0.6019150342588129
300,4,0.05,0.85,1.0,1,0.0,0.6471666513941643,0.5605153117884655
300,5,0.05,1.0,0.7,1,0.0,0.647529116886704,0.5536441765165552
300,6,0.05,0.7,0.7,3,0.0,0.6475619961721132,0.5571149592865937
300,5,0.1,0.85,0.85,3,0.0,0.6480235345321333,0.5552135232489422
300,5,0.05,0.7,0.85,5,0.1,0.6480745768038575,0.5508585187279668
300,6,0.1,1.0,0.7,1,1.0,0.6483991404592085,0.5348199283270875
500,6,0.1,1.0,0.7,1,1.0,0.6483991404592085,0.5348199283270875
300,6,0.05,0.85,0.85,1,0.0,0.6487498877848488,0.5524076350907192
300,6,0.1,1.0,1.0,3,1.0,0.64897449980074,0.5956207316681545
500,6,0.1,1.0,1.0,3,1.0,0.64897449980074,0.5956207316681545
500,5,0.05,0.7,0.85,5,1.0,0.6490153127574928,0.5847153931794643
500,5,0.05,0.7,0.85,5,0.1,0.6491338260365974,0.5518008739427669
500,4,0.05,0.7,0.85,1,0.0,0.6491356840127757,0.5647230145678399
500,4,0.05,0.7,1.0,5,1.0,0.6491528040939498,0.5786640795880195
300,4,0.05,0.85,0.7,1,0.0,0.6491759308685146,0.5850348725441727
300,4,0.1,0.85,0.7,3,0.1,0.6491922062646391,0.5281137713236967
500,5,0.1,0.85,0.85,3,0.0,0.6492063507678613,0.5536271064319438
500,6,0.05,0.85,0.85,1,0.0,0.6492971635388939,0.5522347919374914
500,5,0.1,0.7,1.0,1,1.0,0.6492987227855987,0.5630430192780687
500,4,0.05,0.85,0.85,1,0.0,0.6493381729908093,0.5572347949286895
300,5,0.1,0.85,0.85,5,0.0,0.6494689167768103,0.5427667302369704
300,5,0.05,0.85,1.0,3,0.0,0.6494725476895483,0.5587400350512369
500,5,0.1,0.85,0.85,5,0.0,0.6495120411993756,0.5425933008309732
300,5,0.1,0.7,1.0,1,1.0,0.649557266501537,0.5604113016303924
300,4,0.05,0.7,1.0,5,0.0,0.649573182534288,0.5390434208541888
500,4,0.05,0.7,0.7,3,0.1,0.6498455385581694,0.5861126095386802
500,4,0.1,0.85,0.7,3,0.1,0.6499524468398331,0.5308182846874865
500,4,0.1,0.85,0.7,3,1.0,0.6499831752971557,0.5790780604168191
500,6,0.05,0.7,0.85,1,1.0,0.6500147930481639,0.5548881360630785
500,4,0.05,0.85,0.85,3,0.0,0.6500356644489368,0.5459921865990421
300,4,0.05,0.7,0.85,1,0.0,0.6500442675375746,0.5646926334476383
300,4,0.05,1.0,0.85,1,0.0,0.6502008705668286,0.545406089362541
300,4,0.05,0.7,0.85,5,0.0,0.6502126480182586,0.5161503314330688
500,4,0.05,0.85,0.7,1,0.0,0.6503774052025567,0.587899783922719
300,5,0.05,0.85,1.0,5,0.1,0.6504496621020306,0.547275692567499
300,6,0.05,0.7,0.85,1,1.0,0.6504721336475454,0.5518019578681084
500,4,0.05,0.7,0.7,5,0.1,0.6505189129547986,0.5814943514345482
300,4,0.05,0.7,0.7,5,0.0,0.6505637337705369,0.5859565120795615
500,4,0.05,0.7,1.0,1,1.0,0.6505777123320267,0.5662079409488577
300,4,0.1,1.0,0.85,1,0.1,0.6505922974051662,0.5481894643505908
300,5,0.05,0.7,0.85,3,1.0,0.6506198211316947,0.5852447406176662
500,5,0.05,0.7,0.85,3,1.0,0.6507597954061256,0.5869530078140823
300,5,0.05,0.7,1.0,5,0.1,0.650856328916836,0.5605812200941143
300,5,0.05,0.85,1.0,1,0.0,0.650919805292354,0.5710552484517138
500,5,0.05,0.85,1.0,5,0.1,0.6509472114786529,0.5490546593462076
500,5,0.05,0.85,1.0,1,0.1,0.6510086012090621,0.5270369267368678
500,5,0.05,0.85,1.0,1,0.0,0.6510157555202778,0.5736885929606736
500,4,0.1,1.0,0.85,1,0.1,0.6510726072678318,0.5466320995041702
300,5,0.1,1.0,0.7,5,1.0,0.6510735748099618,0.6006584697201166
500,5,0.1,1.0,0.7,5,1.0,0.6510735748099618,0.6006584697201166
300,5,0.05,0.85,1.0,1,0.1,0.6511158066132333,0.5252163475748576
500,5,0.05,0.7,1.0,5,0.1,0.6512039757046597,0.563932443432681
300,5,0.05,0.7,0.7,1,0.0,0.6512296619838304,0.5111182178213722
500,6,0.1,0.7,0.7,3,0.0,0.651358906536285,0.5264273541250063
300,6,0.1,0.7,0.7,3,0.0,0.651434969187256,0.5261983124571623
300,5,0.1,0.7,1.0,3,1.0,0.6514548847136066,0.5622580761697933
500,4,0.05,0.85,1.0,1,0.0,0.651466961994307,0.5551458967642297
300,6,0.1,0.7,1.0,3,1.0,0.6515586723602005,0.5363180548324127
300,5,0.05,0.7,0.85,5,0.0,0.6517288543077516,0.5535979223441271
500,4,0.05,1.0,0.85,3,1.0,0.6517437602482533,0.6003887106810072
300,5,0.05,0.7,1.0,3,0.0,0.6517606431633042,0.5405757131573632
500,6,0.05,0.7,0.7,1,1.0,0.6519116501366983,0.5248722927124573
300,4,0.05,1.0,0.85,3,1.0,0.652054636675263,0.59755713782253
300,4,0.1,0.85,0.7,3,1.0,0.6521334222983787,0.5761864762786417
300,4,0.05,0.7,0.7,3,0.0,0.6521581475197847,0.5523777856527758
500,4,0.05,0.85,0.7,5,1.0,0.652193655986653,0.595759829186527
500,6,0.05,0.7,0.7,5,0.1,0.652210770088952,0.5720418252171915
500,6,0.1,0.7,1.0,1,1.0,0.6522326479250437,0.5606142380373705
500,6,0.05,0.7,0.7,3,0.1,0.6524748227216836,0.5559280944529754
500,5,0.05,0.7,0.7,1,0.0,0.6524859354980856,0.5086002084156456
500,5,0.1,0.7,1.0,3,1.0,0.6525171068610904,0.5631534531721549
500,6,0.1,0.7,0.85,3,0.1,0.6526245534847552,0.47186625535343923
500,5,0.05,0.85,1.0,3,0.0,0.6527128962182043,0.5558625836883166
300,6,0.1,0.7,0.85,3,0.1,0.6527792970714316,0.471429340879913
500,4,0.05,0.7,0.7,3,0.0,0.6529312078000367,0.5501278942359278
500,6,0.05,1.0,0.7,5,0.0,0.6529379820253293,0.575155685849064
300,5,0.1,1.0,1.0,3,0.0,0.6529950000995414,0.5269336838207009
300,6,0.05,0.7,0.7,5,0.1,0.6530420195933664,0.5697233997998813
500,5,0.05,0.7,0.85,5,0.0,0.653051371478369,0.5546390009338915
500,6,0.1,0.7,1.0,3,1.0,0.6530587843674622,0.5365042217718045
300,6,0.1,1.0,0.7,5,0.1,0.6530699682111485,0.5585562180210466
500,6,0.1,1.0,0.7,5,0.1,0.6530699682111485,0.5585562180210466
500,5,0.1,1.0,1.0,3,0.0,0.6531564598427595,0.5269507190982031
300,6,0.05,1.0,0.7,5,0.1,0.6532556811980079,0.5373789994043197
500,4,0.1,0.85,0.85,1,0.0,0.6532581804801846,0.5531062295271229
500,4,0.05,0.85,0.85,1,1.0,0.6532865759992462,0.5952698948113512
500,4,0.05,0.7,0.7,3,1.0,0.6533104052843953,0.5928099457368221
300,6,0.05,0.7,0.7,3,0.1,0.6533705441966374,0.5537530581477923
300,4,0.05,0.85,0.85,1,1.0,0.6534084313374124,0.5940825711914475
500,6,0.05,1.0,0.7,5,0.1,0.653417688530918,0.5372967256190545
500,4,0.05,0.7,0.85,5,0.0,0.6534515822341421,0.5080818650703804
300,6,0.05,1.0,0.7,5,0.0,0.6537506473083082,0.5738646151284256
300,6,0.05,0.7,0.7,1,1.0,0.6537841706116495,0.5187683066025346
300,4,0.05,0.85,0.85,5,0.0,0.6542151325400996,0.5766502820465267
300,5,0.1,0.7,0.85,3,0.1,0.6543170468617991,0.47059732241895996
300,6,0.05,1.0,0.7,5,1.0,0.6544112042817507,0.5672586248619187
500,6,0.05,1.0,0.7,5,1.0,0.6544112042817507,0.5672586248619187
300,4,0.1,1.0,1.0,3,1.0,0.6544136603384895,0.6184049066708837
500,4,0.1,1.0,1.0,3,1.0,0.6544136603384895,0.6184049066708837
500,5,0.1,0.7,0.85,3,0.1,0.6544934960029007,0.47078587649829623
300,6,0.1,0.7,1.0,1,1.0,0.6546221482545765,0.559783958487644
300,4,0.05,0.7,0.85,3,1.0,0.6546256342674195,0.538843888281225
300,6,0.05,1.0,1.0,3,1.0,0.6546417510989814,0.5439679879589117
500,6,0.05,1.0,1.0,3,1.0,0.6546417510989814,0.5439679879589117
300,5,0.1,0.85,0.85,1,0.0,0.6546484659924819,0.535310031684982
300,4,0.1,0.85,0.85,3,0.0,0.654653122766868,0.5355190492682171
300,4,0.1,0.85,0.85,1,0.0,0.6547893175010445,0.5499330682788249
300,4,0.05,0.85,0.7,5,1.0,0.6548244384506225,0.5864979851185134
500,4,0.1,0.7,0.85,5,1.0,0.6549584883717426,0.5272679423659886
300,4,0.05,0.85,1.0,3,1.0,0.6549629236303571,0.5989469627474298
300,4,0.05,0.7,1.0,3,0.0,0.6550069027125082,0.5325266416245138
500,4,0.05,0.7,0.7,5,0.0,0.6550102663181431,0.5796921096314329
500,5,0.05,0.7,0.7,3,1.0,0.655066889916057,0.557290421297021
300,6,0.05,0.7,0.85,5,0.1,0.6550796174302352,0.5175670234742508
500,5,0.1,0.85,0.85,1,0.0,0.6551222102711435,0.5348751550856006
500,6,0.05,0.7,0.85,5,0.1,0.655123857264073,0.5196464735954934
300,4,0.05,0.85,1.0,1,1.0,0.6551366641084679,0.5720756008060761
300,4,0.05,0.7,0.7,3,1.0,0.6558139528086531,0.5822943560470323
300,5,0.1,0.85,1.0,5,0.1,0.6558977088857497,0.5584266380449874
500,5,0.05,0.7,1.0,3,0.0,0.655924727386707,0.5389710471875917
300,5,0.05,0.7,0.7,3,1.0,0.6559295054257273,0.5562810436594965
500,5,0.1,0.85,1.0,3,1.0,0.6559299458961375,0.6187813768399884
300,5,0.1,0.7,0.85,5,0.1,0.6559983528752035,0.527531654826919
300,4,0.05,0.7,0.85,5,0.1,0.6560661981861485,0.5262714779587684
300,5,0.1,0.85,1.0,3,1.0,0.6560890822025573,0.6182907253466862
500,4,0.05,0.7,0.85,3,1.0,0.6562644121231758,0.5501651867052253
300,4,0.1,0.7,0.85,5,1.0,0.6563534683516239,0.5230592586308566
500,4,0.05,0.7,0.85,5,0.1,0.6563930749508139,0.5289390798110164
500,5,0.1,0.85,1.0,5,0.1,0.6564961209623827,0.5583745958569758
500,6,0.05,0.85,0.85,1,1.0,0.6565908595557953,0.5626026366322563
500,4,0.05,0.7,1.0,5,0.0,0.6566021153647813,0.5367994414375308
300,5,0.05,0.7,1.0,3,1.0,0.6566999288751407,0.5544712775853389
300,5,0.1,0.85,0.7,5,0.0,0.6567050463446246,0.5122700305590173
500,5,0.1,0.7,0.85,5,0.1,0.6567421949766574,0.5282093005392556
300,5,0.05,0.85,0.7,3,0.0,0.6568074073540523,0.5522060520912777
500,4,0.05,0.7,0.7,1,1.0,0.6568412921540607,0.6066189254489959
300,5,0.05,1.0,0.7,3,0.1,0.6568724776161635,0.5329285529524792
500,6,0.05,0.85,0.85,5,0.0,0.6570490342342791,0.5293406729010194
300,6,0.05,0.85,0.85,1,1.0,0.6572557265214483,0.562668481873678
500,5,0.05,1.0,0.7,3,0.1,0.6572789393360107,0.5323238291975613
300,6,0.1,0.85,1.0,5,1.0,0.6572915957970005,0.5296806632081776
500,5,0.1,0.85,0.7,5,0.0,0.6573802003569132,0.5116015727968595
300,5,0.05,1.0,0.7,1,1.0,0.65744573707274,0.5760575083111406
500,5,0.05,1.0,0.7,1,1.0,0.65744573707274,0.5760575083111406
500,4,0.05,0.85,0.7,5,0.0,0.6574554939242867,0.5808629509692811
300,6,0.05,0.85,0.85,5,0.0,0.6575106439277316,0.5283146724153414
300,4,0.05,1.0,0.85,1,1.0,0.6576166909829435,0.6024070244367585
500,5,0.05,0.7,1.0,3,1.0,0.6576840915675161,0.5585709699722555
300,5,0.05,0.7,0.7,3,0.1,0.657804381233938,0.5515504124701979
500,4,0.1,0.85,0.7,1,1.0,0.6578541407015157,0.5557893354203128
500,4,0.1,0.85,0.85,3,0.0,0.657963934694859,0.5309679544882457
300,5,0.05,1.0,0.7,3,1.0,0.6579871322593086,0.5688410598634617
500,5,0.05,1.0,0.7,3,1.0,0.6579871322593086,0.5688410598634617
300,4,0.05,1.0,1.0,3,1.0,0.6580252195070317,0.6043189767370922
500,6,0.1,0.85,1.0,5,1.0,0.6580479474640722,0.531447439322834
300,5,0.1,0.7,0.7,3,0.0,0.6580585139047627,0.544834677965349
500,6,0.05,0.7,1.0,3,0.1,0.6582610100512524,0.5162303434339395
300,5,0.05,0.85,0.85,5,0.0,0.6582645893853101,0.5495285617959824
300,6,0.05,0.7,1.0,3,0.1,0.6583063171216534,0.5152264970850801
300,4,0.1,1.0,0.7,3,1.0,0.6583336207554744,0.5474246109917702
500,4,0.1,1.0,0.7,3,1.0,0.6583336207554744,0.5474246109917702
500,5,0.1,0.7,0.7,3,0.0,0.658380478272865,0.5457792402129523
500,4,0.05,1.0,1.0,3,1.0,0.6584138936870475,0.6069582409993091
300,4,0.05,0.7,1.0,3,0.1,0.6584944393744935,0.5448028022056046
300,6,0.05,1.0,0.7,3,0.1,0.6586372977706608,0.5249881851356284
500,5,0.05,1.0,0.7,5,0.1,0.6586675620681927,0.5473950746769609
500,4,0.05,1.0,0.85,1,1.0,0.658670611281538,0.6028532397662457
300,5,0.05,1.0,0.7,5,1.0,0.6588781612902567,0.5606975504930808
500,5,0.05,1.0,0.7,5,1.0,0.6588781612902567,0.5606975504930808
500,6,0.05,1.0,0.7,3,0.1,0.6589018950546135,0.5258995512352019
500,5,0.05,0.85,0.7,3,0.0,0.6589176565377087,0.5492420769513995
300,6,0.1,0.85,0.85,5,0.1,0.6589677681020416,0.5394047714515137
300,4,0.1,0.85,0.7,1,1.0,0.6590848687880229,0.5558829362547029
300,5,0.05,1.0,0.7,5,0.1,0.6590978133281088,0.5458458060682305
500,4,0.05,0.7,1.0,3,0.0,0.659103314277478,0.5284094126417235
500,6,0.1,0.85,0.85,5,0.1,0.6591156501922975,0.5394556513680898
500,4,0.05,0.85,0.85,5,0.0,0.6591362515193052,0.5667588710751599
300,4,0.1,1.0,1.0,3,0.1,0.6591875404802569,0.5138546339700961
300,4,0.05,0.85,0.7,1,0.1,0.6593001537620251,0.5739353266234543
500,6,0.05,0.85,0.85,5,1.0,0.659492700951792,0.5549175952208794
500,4,0.1,1.0,0.85,3,0.0,0.659496458649602,0.5526294188364955
300,4,0.05,0.85,0.7,5,0.0,0.6596785548358041,0.5766471750233876
500,5,0.05,0.85,0.85,5,0.0,0.6597405311970366,0.5501114867527388
300,5,0.05,0.85,1.0,5,0.0,0.6597433208928374,0.5489066107921201
300,4,0.05,0.7,0.7,1,1.0,0.6597835214542733,0.6036548747791673
300,4,0.1,0.7,1.0,3,1.0,0.6598927291525459,0.5769528299754696
500,5,0.05,1.0,0.85,3,0.0,0.6599904888126037,0.55340297172303
500,5,0.05,0.7,0.7,3,0.1,0.6600407056601745,0.5490357104445087
500,6,0.05,0.7,1.0,1,0.1,0.6600631884005055,0.5250557557640823
300,6,0.05,0.7,1.0,1,0.1,0.6601442263298262,0.5242682237379993
500,4,0.1,1.0,1.0,1,0.0,0.6601654084432333,0.5235977535759835
500,4,0.1,1.0,1.0,3,0.1,0.6602786739911102,0.5119842427176374
500,4,0.1,0.7,1.0,3,1.0,0.6603224605053662,0.5752096694011631
300,4,0.05,0.7,1.0,5,0.1,0.660397889976681,0.5384433578359183
500,4,0.05,0.85,1.0,1,1.0,0.6604366825963291,0.5775789417166948
300,6,0.05,1.0,1.0,1,1.0,0.660456335633705,0.5813975485176504
500,6,0.05,1.0,1.0,1,1.0,0.660456335633705,0.5813975485176504
500,4,0.05,1.0,1.0,1,1.0,0.660492418096615,0.6020551885616058
500,6,0.1,0.7,0.7,1,0.1,0.6605049683581501,0.5010783028995279
300,6,0.1,0.7,0.7,1,0.1,0.6605467980464924,0.5007909268472927
300,4,0.05,1.0,1.0,1,1.0,0.6606815472712576,0.6008758774330814
500,4,0.05,0.7,1.0,5,0.1,0.6606924504990493,0.5455887040697841
300,5,0.05,0.85,0.7,5,1.0,0.6607029587470322,0.5766950427775892
500,6,0.05,0.85,0.85,3,1.0,0.6607183553942124,0.5453830521941319
300,4,0.1,1.0,0.85,3,0.0,0.660800590838958,0.5465818025199604
300,4,0.05,1.0,0.7,1,1.0,0.6608826970812449,0.5885103015861297
300,4,0.05,0.85,0.85,3,1.0,0.6609276538263962,0.5756823173446353
500,5,0.1,0.85,0.85,3,1.0,0.6609365237910472,0.5553817070614091
300,5,0.05,0.7,0.7,5,0.1,0.6609463511563287,0.5361170181308896
300,6,0.05,1.0,1.0,5,1.0,0.6609851649507515,0.5779027481035193
500,6,0.05,1.0,1.0,5,1.0,0.6609851649507515,0.5779027481035193
300,5,0.05,1.0,0.85,3,0.0,0.6610922216066306,0.5526686850923875
500,5,0.05,0.85,1.0,5,0.0,0.6611351262886981,0.5497896836660984
500,5,0.05,0.85,0.7,5,1.0,0.661149495798117,0.5787687822023371
300,6,0.05,0.7,0.85,3,0.1,0.6611849137389847,0.5138479564569806
300,5,0.1,0.7,1.0,5,1.0,0.6611906362249435,0.5404971134355079
300,5,0.1,0.7,0.7,3,1.0,0.6612535424529841,0.5605981045549463
500,5,0.05,1.0,0.85,1,0.1,0.6612595078179616,0.5864644146591252
300,5,0.1,0.85,0.85,3,1.0,0.661263426923456,0.5534275316170909
500,5,0.05,0.85,0.7,1,1.0,0.6613113674866571,0.5710571215168547
300,4,0.1,0.85,0.7,1,0.0,0.6613125537125559,0.5412214742532976
300,4,0.1,1.0,1.0,1,0.0,0.6613668756906155,0.5207543615014428
300,5,0.1,0.7,0.7,5,0.0,0.6614198278628772,0.5602425400994311
500,6,0.05,0.7,0.85,3,0.1,0.6614745860583786,0.5152536252506512
500,4,0.05,0.85,0.85,3,1.0,0.6615249384816425,0.5790458628835765
500,5,0.1,0.7,0.7,3,1.0,0.6615364296372317,0.5617760664946233
500,4,0.05,0.85,0.7,1,0.1,0.661586005991551,0.5730295819237591
500,6,0.05,0.7,0.85,1,0.1,0.6615873599409379,0.5057714366029858
300,5,0.05,0.85,0.7,1,1.0,0.6615901115673767,0.5663829441285306
500,4,0.1,0.85,0.7,1,0.0,0.6616295627010085,0.5410151817721166
300,4,0.05,0.85,0.7,3,1.0,0.6616393988518888,0.5817521330259877
300,5,0.05,0.85,1.0,3,0.1,0.6616926538534916,0.5341647452357081
300,6,0.05,0.7,0.85,1,0.1,0.6617543062864293,0.5051846242640663
500,4,0.1,1.0,0.7,1,0.1,0.6617573464342951,0.5112242654388024
300,6,0.05,0.85,0.85,5,1.0,0.6618004708002153,0.5515480765621731
500,4,0.05,1.0,0.7,1,1.0,0.6618103242337008,0.5893122065206251
300,5,0.1,0.85,1.0,3,0.1,0.6618121614560739,0.5382447547360221
300,5,0.1,0.85,1.0,1,1.0,0.6620395435663565,0.5381300361204605
300,6,0.05,0.7,0.85,3,0.0,0.6621316858352503,0.5166339476687691
500,4,0.05,1.0,0.85,5,0.0,0.6621331780595304,0.5752166517038516
500,6,0.1,0.85,0.85,5,1.0,0.6621916684072123,0.545465873787882
300,6,0.1,1.0,0.7,1,0.1,0.6622231372759325,0.5285750704275745
500,6,0.1,1.0,0.7,1,0.1,0.6622231372759325,0.5285750704275745
500,5,0.05,0.85,1.0,3,0.1,0.6622708908119276,0.5353103586368405
500,5,0.1,0.85,1.0,3,0.1,0.6624006022875366,0.537411607507981
300,6,0.05,1.0,0.85,5,1.0,0.6624055983099107,0.6058050370989728
500,6,0.05,1.0,0.85,5,1.0,0.6624055983099107,0.6058050370989728
300,5,0.1,1.0,0.85,1,0.0,0.662414839138616,0.5648758043425142
300,6,0.05,0.85,0.85,3,1.0,0.6624270455148921,0.5421525549558464
500,5,0.1,0.85,1.0,1,1.0,0.6625231727248201,0.5397162214170902
500,5,0.05,0.85,0.7,3,1.0,0.6625332116312499,0.5650026609014064
500,6,0.05,0.7,0.85,3,0.0,0.6625364679389535,0.5178882940537131
300,4,0.1,1.0,0.7,1,0.1,0.6625442976616741,0.5073400087347181
500,5,0.1,0.7,0.7,5,0.0,0.662550959590479,0.5599260356726937
300,6,0.1,0.7,0.7,5,0.0,0.6628460482856654,0.5914898821645216
500,4,0.05,1.0,0.7,5,0.0,0.6628563064259612,0.5628884328681184
500,5,0.1,1.0,0.85,1,0.0,0.6629364131492701,0.5646312456181397
300,5,0.1,1.0,0.7,1,0.1,0.6629958322973105,0.5471563425735091
500,5,0.1,1.0,0.7,1,0.1,0.6629958322973105,0.5471563425735091
500,6,0.1,0.7,0.7,5,0.0,0.6630295841051513,0.591962906350512
300,6,0.1,0.85,0.85,5,1.0,0.6631140144262061,0.5429026856105449
300,4,0.1,0.85,0.85,3,0.1,0.6631574822574715,0.5811026528317386
500,5,0.05,0.7,0.7,5,0.1,0.6631671186814417,0.536826847943632
300,6,0.05,0.7,0.85,5,1.0,0.6632077052584028,0.5352973522523331
500,5,0.1,0.7,1.0,5,0.1,0.6633230503481037,0.5210067693568948
500,4,0.05,0.85,0.7,3,1.0,0.6633436875975494,0.5851794182277095
500,4,0.05,0.85,1.0,3,1.0,0.663482547345238,0.6035351312180027
300,5,0.1,0.7,1.0,5,0.1,0.6636703904370838,0.5206632053761221
500,4,0.1,0.7,0.85,3,1.0,0.6636782009077052,0.5690335863473235
300,5,0.05,1.0,0.85,1,0.1,0.6636909878567872,0.5824969025440788
500,4,0.1,0.85,0.85,3,0.1,0.6637464420285394,0.5834202496851842
500,4,0.05,0.7,1.0,3,0.1,0.6637516824166898,0.5431408783479185
500,5,0.1,0.7,1.0,5,1.0,0.6638501611817985,0.5410596207365553
300,5,0.1,0.7,1.0,5,0.0,0.6639227366514083,0.5130698708424962
500,4,0.05,1.0,0.7,1,0.0,0.6641508693293346,0.5456606108522924
500,5,0.05,0.85,0.85,1,1.0,0.6641695661373405,0.5783951707197504
500,6,0.1,0.85,0.7,1,1.0,0.6641777433009677,0.528546868769052
300,5,0.05,0.85,0.85,1,1.0,0.6642912401130546,0.575716085611911
500,5,0.1,0.85,0.85,1,1.0,0.6643210032730776,0.5344851117695512
500,6,0.1,0.85,0.85,1,1.0,0.6644516205295092,0.5543586132763431
300,6,0.1,0.85,0.7,5,1.0,0.6646002310436113,0.5625858700506186
300,6,0.1,0.85,0.85,1,1.0,0.6646721096188272,0.5532825965127491
500,5,0.1,0.7,1.0,5,0.0,0.6647449448543498,0.5120819336953715
300,6,0.1,0.85,0.7,1,1.0,0.6647875622604437,0.5280585582641357
500,6,0.1,0.85,0.7,5,1.0,0.6648137875539242,0.5619556787934468
300,6,0.05,0.85,1.0,5,0.0,0.6648527552109884,0.5153192649063831
300,4,0.05,0.7,0.85,1,0.1,0.6648715569167484,0.5207265729145903
300,5,0.1,0.85,0.85,1,1.0,0.6650854182440235,0.5345117205818603
300,4,0.05,0.85,0.7,3,0.1,0.6651358080239327,0.556712254155369
500,6,0.1,0.85,1.0,3,0.0,0.6651727028975547,0.5144001750269245
300,6,0.1,0.85,1.0,3,0.0,0.6651729569419339,0.5144139900741821
500,6,0.05,0.7,0.85,5,1.0,0.6651902558295764,0.5348993532925697
300,5,0.05,0.85,0.7,3,1.0,0.665192696745474,0.5622879311238315
500,5,0.05,1.0,1.0,1,0.0,0.6652002916747908,0.5654307685609822
300,5,0.05,0.85,0.7,5,0.1,0.6653919110170047,0.5023619941945087
300,5,0.05,0.85,0.7,3,0.1,0.665499839687704,0.5437594976314714
500,6,0.05,0.7,1.0,1,1.0,0.6655116594464112,0.5336001148928929
300,5,0.05,0.7,1.0,5,1.0,0.6655132549929592,0.5490781859716735
300,5,0.05,1.0,1.0,1,0.0,0.6656567668692522,0.5660119123989905
300,4,0.05,0.85,0.85,5,1.0,0.6658536300626632,0.5565517655040654
500,4,0.1,0.85,0.85,5,1.0,0.6658905149766202,0.5447358294815946
300,5,0.05,0.7,0.7,3,0.0,0.6660113867560835,0.561407824790999
300,4,0.1,0.7,0.85,3,1.0,0.6660353537330067,0.562400541996764
300,4,0.05,1.0,1.0,5,1.0,0.6660552415040047,0.5732200862283989
300,5,0.1,0.7,0.85,5,1.0,0.6660845957896212,0.554528416753746
300,4,0.05,0.85,0.7,3,0.0,0.6661541156743186,0.555007739437514
300,4,0.1,0.85,1.0,3,0.0,0.6661651670885524,0.5473841643482812
300,5,0.1,1.0,0.7,1,1.0,0.6662389016026625,0.5414672099800761
500,5,0.1,1.0,0.7,1,1.0,0.6662389016026625,0.5414672099800761
500,5,0.05,0.7,0.7,3,0.0,0.6662610183389633,0.5622487143816463
300,4,0.05,0.7,0.7,5,1.0,0.6662786991634203,0.5598466506652692
300,6,0.05,1.0,0.7,3,1.0,0.6663443205280125,0.5466912842955682
500,6,0.05,1.0,0.7,3,1.0,0.6663443205280125,0.5466912842955682
500,5,0.05,0.85,0.7,5,0.1,0.6663626288178499,0.5015448710590222
500,6,0.05,0.85,1.0,5,0.0,0.6663670196018615,0.5141005050639597
300,4,0.05,1.0,0.85,5,0.0,0.6663814094067559,0.5686366198598641
500,4,0.05,1.0,1.0,5,1.0,0.6665016882983823,0.5741789674429111
300,4,0.05,0.85,0.7,5,0.1,0.6665106422174193,0.5861372253640916
300,5,0.1,0.85,1.0,5,1.0,0.6665515786192999,0.5213534314385642
300,5,0.05,0.7,1.0,5,0.0,0.6666053842858255,0.5112490556100846
500,6,0.05,0.7,1.0,5,0.0,0.6667451844556879,0.5041446517199871
500,5,0.05,0.85,0.7,3,0.1,0.6668362561801707,0.5422907776153437
300,4,0.05,0.85,1.0,5,1.0,0.6668458851173695,0.5654499965273793
300,4,0.05,1.0,0.7,5,0.0,0.6669171580702931,0.5538432098755582
500,5,0.1,0.7,0.85,5,1.0,0.6669258496276822,0.5533117004410165
500,5,0.05,0.7,0.85,1,1.0,0.6669527190352316,0.547399806164337
500,5,0.05,0.85,0.85,5,0.1,0.6669958865764318,0.5366164130276545
300,6,0.05,0.7,1.0,1,1.0,0.6671061691338881,0.5271642531954154
500,5,0.05,0.7,1.0,5,0.0,0.6671088313931951,0.5090946114325015
500,5,0.1,0.85,1.0,5,1.0,0.6671617863894518,0.5229180515474421
300,6,0.1,1.0,0.7,3,1.0,0.6671739469593907,0.5588374229758646
500,6,0.1,1.0,0.7,3,1.0,0.6671739469593907,0.5588374229758646
500,4,0.1,0.85,1.0,3,0.0,0.6672250126230678,0.5476025698774258
300,5,0.05,0.7,0.85,1,1.0,0.6672476053583143,0.5440425175931247
300,5,0.05,0.85,0.85,5,0.1,0.6672535553468317,0.5379167236657078
300,4,0.1,1.0,0.85,1,0.0,0.6672847393381728,0.5218143682153128
500,5,0.1,0.7,0.85,1,1.0,0.6673678121157564,0.5352746062812843
300,4,0.05,0.85,0.85,5,0.1,0.667760222618347,0.5706443794660331
300,6,0.05,0.85,0.7,1,0.0,0.6678525673886394,0.5733347744151088
500,5,0.1,0.7,0.7,1,1.0,0.667974521781484,0.5822936966968071
300,4,0.05,1.0,0.7,1,0.0,0.6679757774840415,0.5421662562240727
500,4,0.05,0.85,0.7,5,0.1,0.6680153424169446,0.5899287807224858
300,4,0.1,0.85,0.85,5,1.0,0.6680288834208639,0.5436015627962224
500,4,0.05,0.7,0.85,1,0.1,0.6680463273327244,0.5258668929693979
500,6,0.05,0.85,0.7,1,0.0,0.6680625965373629,0.5740998753995861
300,5,0.1,0.85,1.0,5,0.0,0.6680837666864435,0.5349749702316456
500,4,0.1,1.0,0.7,3,0.0,0.6681458150637882,0.5146947450061291
500,6,0.05,0.85,0.7,5,1.0,0.6681680497417918,0.5504864585569186
300,5,0.1,1.0,0.7,3,0.0,0.6681855923305721,0.48034281813860574
500,6,0.05,0.85,0.7,3,1.0,0.6682097306372777,0.5493205091516383
300,6,0.05,0.7,1.0,5,0.0,0.6683913597408373,0.502359845594115
500,4,0.05,0.85,0.7,3,0.1,0.6684095424875413,0.5504328159858464
300,5,0.05,0.7,0.7,5,0.0,0.668418887483596,0.5125543590862264
500,5,0.1,0.85,1.0,5,0.0,0.6684321133446098,0.5342340602113891
300,5,0.05,0.85,1.0,5,1.0,0.6685735659954712,0.5521434583803929
500,5,0.05,0.85,0.7,5,0.0,0.6685995554043109,0.5180082808085404
500,5,0.1,1.0,0.7,3,0.0,0.6686456254313522,0.4798005494490925
300,4,0.1,1.0,0.7,3,0.0,0.668693854245911,0.5102393547635556
300,6,0.05,0.85,1.0,1,1.0,0.6689066334569131,0.538605384936529
500,4,0.1,1.0,0.85,1,0.0,0.6689535267903526,0.5208861556022624
500,4,0.05,1.0,1.0,3,0.0,0.6690079912145429,0.538734371740231
300,5,0.1,1.0,0.7,3,1.0,0.6690353613016617,0.5572194476929877
500,5,0.1,1.0,0.7,3,1.0,0.6690353613016617,0.5572194476929877
300,5,0.1,0.7,0.85,1,1.0,0.669141249691318,0.5319868029243274
300,6,0.1,1.0,1.0,5,1.0,0.6691615377160802,0.5779734235598487
500,6,0.1,1.0,1.0,5,1.0,0.6691615377160802,0.5779734235598487
300,5,0.05,0.7,0.85,1,0.1,0.6691865011526005,0.5073351223142821
500,4,0.05,0.85,0.7,3,0.0,0.6692144251274152,0.5466469849285746
500,6,0.05,0.7,0.7,5,1.0,0.6692165890119577,0.5541644437931855
500,4,0.05,0.7,0.7,5,1.0,0.66924000093943,0.5653870850146041
300,5,0.05,0.7,1.0,1,0.1,0.669259077899516,0.48372336079885897
500,6,0.05,0.85,1.0,1,1.0,0.6692903630474647,0.541115175755524
500,6,0.05,0.85,1.0,5,1.0,0.669318139385286,0.5663452420758238
300,4,0.1,0.85,0.85,1,0.1,0.6694651783511437,0.5435293366208701
300,5,0.05,0.85,0.7,5,0.0,0.6694654525610143,0.5127399358223095
500,4,0.05,0.85,0.7,1,1.0,0.6695849598457828,0.5646587488153485
500,6,0.05,0.85,0.7,1,1.0,0.6696462016379385,0.5507342968113593
300,5,0.1,1.0,1.0,1,1.0,0.6696485733237816,0.5742167335726497
500,5,0.1,1.0,1.0,1,1.0,0.6696485733237816,0.5742167335726497
300,4,0.1,0.85,1.0,1,0.1,0.6696797380880155,0.5628436352594913
300,4,0.05,1.0,1.0,1,0.1,0.6697562613131443,0.5267859917917717
300,4,0.1,0.85,0.85,5,0.1,0.6697709037173288,0.5361055041208185
300,5,0.1,0.7,0.7,1,1.0,0.6698307960172084,0.5810651818729039
300,4,0.1,0.7,0.85,5,0.1,0.6698816405732285,0.5322496609023902
500,5,0.05,0.85,1.0,5,1.0,0.6699834098783982,0.5546777667889743
500,4,0.1,0.85,0.85,1,0.1,0.6700653693111304,0.5444397114142862
500,5,0.05,0.7,1.0,1,0.1,0.6700817134883615,0.48243344811934624
300,6,0.05,0.85,0.85,5,0.1,0.670098537169542,0.5253721046839839
500,5,0.05,0.7,0.85,1,0.1,0.670150928147398,0.5083941263683887
300,6,0.05,0.85,0.7,3,1.0,0.6702133804060249,0.5467973802080848
300,6,0.05,1.0,0.85,1,1.0,0.670307970840027,0.5687442933780189
500,6,0.05,1.0,0.85,1,1.0,0.670307970840027,0.5687442933780189
300,5,0.1,1.0,0.85,3,0.1,0.6703773216003596,0.5574768571525704
500,5,0.1,1.0,0.85,3,0.1,0.6703773216003596,0.5574768571525704
300,6,0.05,0.85,0.7,5,1.0,0.6704123170619202,0.5482551782219973
300,4,0.1,0.85,1.0,1,1.0,0.6704238895392078,0.560611767535394
500,4,0.05,1.0,1.0,1,0.1,0.6704381991235817,0.5407900410822847
500,4,0.1,0.85,1.0,1,0.1,0.6704441325698313,0.5636436181727885
500,5,0.05,0.7,0.7,5,0.0,0.6704559545821565,0.5167664904249223
500,4,0.1,0.7,0.85,5,0.1,0.670597426549312,0.5339212410606251
500,5,0.05,0.7,1.0,5,1.0,0.6706226195095892,0.5501581733743348
300,6,0.05,0.85,0.7,1,1.0,0.6706750999411201,0.551367361998036
500,6,0.1,0.7,1.0,3,0.0,0.6707668860375733,0.5029715821367359
300,6,0.1,0.7,1.0,3,0.0,0.6707962652214442,0.5029808924746187
300,5,0.1,0.85,1.0,3,0.0,0.6708111145254463,0.5393048819373936
300,6,0.05,0.7,0.7,5,1.0,0.6708325387023805,0.5500356084502056
500,4,0.1,0.85,0.85,5,0.1,0.6708843400708574,0.5383419931143946
300,5,0.1,1.0,0.85,3,0.0,0.6710659704017332,0.552235986315531
500,6,0.05,0.85,0.85,5,0.1,0.6710730324485175,0.525115879965507
500,5,0.1,0.85,1.0,3,0.0,0.6711800896627184,0.5387074148690708
500,5,0.1,1.0,0.85,3,0.0,0.6712759715484037,0.5524942501779279
500,4,0.1,0.85,1.0,1,1.0,0.6714731952035166,0.5649939228138955
500,4,0.05,1.0,0.85,3,0.1,0.6714892054264818,0.5449361899749633
300,5,0.05,0.85,0.85,3,1.0,0.6715220482222402,0.5709571276859189
300,6,0.05,0.85,0.85,3,0.0,0.6716153033815362,0.5229469298493651
300,4,0.1,0.7,0.85,3,0.0,0.6716588491536415,0.5113451352590344
300,6,0.05,0.85,1.0,5,1.0,0.6716759021858044,0.5611778010587805
300,5,0.1,0.85,0.7,5,0.1,0.6718053164015427,0.5420393386444186
500,5,0.1,0.85,0.7,1,1.0,0.6719559804927601,0.553996876997325
500,5,0.1,0.85,0.7,5,0.1,0.6720485235488179,0.5437697878179284
300,5,0.05,0.85,0.85,3,0.0,0.6720968951635788,0.5349375045729102
500,4,0.05,0.85,1.0,5,1.0,0.6721705193905221,0.5710930717479673
300,6,0.1,0.85,1.0,5,0.1,0.6724011436354586,0.5338634236384873
500,6,0.05,0.85,0.85,3,0.0,0.6724551394583924,0.5217311838564946
300,4,0.05,0.85,1.0,3,0.0,0.672540930348641,0.5452197382485426
500,6,0.1,0.85,1.0,5,0.1,0.6725929728485218,0.5337061206134982
500,5,0.1,0.85,0.7,5,1.0,0.672608131546286,0.555363464882824
500,4,0.05,0.85,0.85,5,1.0,0.6726320162355743,0.5549103396410991
500,5,0.05,0.85,0.85,3,1.0,0.6726640027227162,0.5740496268320383
500,4,0.05,0.85,0.85,5,0.1,0.6727507527230397,0.5655878204341559
300,5,0.05,0.7,1.0,1,0.0,0.6727995802530633,0.4735926975556928
300,5,0.05,0.85,0.85,1,0.1,0.6728193764625612,0.5605628130738008
300,5,0.05,1.0,1.0,5,1.0,0.6728296485838775,0.5837683831165339
500,5,0.05,1.0,1.0,5,1.0,0.6728296485838775,0.5837683831165339
500,5,0.05,0.85,0.85,3,0.0,0.6728728871337657,0.5337339381448029
300,4,0.1,0.85,1.0,3,1.0,0.6728839305706644,0.5468872297875547
300,4,0.05,0.85,0.7,1,1.0,0.6731413461444254,0.5596202828764162
500,4,0.05,1.0,0.7,3,0.1,0.6732466312485872,0.547872660836574
300,5,0.05,0.85,0.85,3,0.1,0.6734845875872699,0.5670311267717892
300,6,0.05,0.7,1.0,5,1.0,0.6736310693422002,0.5172536294027991
500,5,0.1,0.85,0.85,5,1.0,0.6736675547360054,0.5035258132226555
300,5,0.1,0.85,0.85,5,1.0,0.6736743948402606,0.503406591627793
300,5,0.1,0.85,0.85,5,0.1,0.6736796299494461,0.518630120202547
300,5,0.1,0.85,0.7,1,1.0,0.6736845828621253,0.5525098217464463
300,5,0.05,1.0,0.7,1,0.1,0.67388760371927,0.5056575457265343
300,5,0.05,1.0,0.7,5,0.0,0.6739072866233075,0.5361991424655286
500,4,0.1,0.7,1.0,5,1.0,0.6740150018154258,0.5671223030947268
300,5,0.1,0.85,0.7,5,1.0,0.6740156168743603,0.5547281501589877
500,5,0.05,0.85,0.85,1,0.1,0.6740175984095397,0.5611113592977064
500,5,0.05,0.85,0.85,3,0.1,0.6740726834769719,0.5676331907732338
500,5,0.1,0.85,0.7,3,1.0,0.6740791337106383,0.5197123166160051
500,5,0.1,0.85,0.85,5,0.1,0.6741358029857129,0.5183007341057357
500,5,0.05,1.0,0.7,1,0.1,0.6741842118617581,0.5082635652654692
500,5,0.1,0.7,0.7,1,0.1,0.6741966863488404,0.5585866375439729
300,4,0.1,0.7,1.0,5,1.0,0.6742440615672959,0.5633939633332532
500,6,0.1,0.7,0.7,3,1.0,0.6742942074191316,0.5587374322588248
300,4,0.1,0.7,0.85,1,0.1,0.6744157676198828,0.5323103181207651
500,5,0.05,0.7,1.0,1,0.0,0.6744268185344653,0.47249729358352355
500,5,0.05,0.85,0.85,5,1.0,0.6744313060252933,0.5677179894310176
500,4,0.05,0.85,1.0,3,0.0,0.6744486381689988,0.5461810159057064
300,5,0.1,0.7,0.7,5,0.1,0.6744852317693225,0.5438663487835416
300,6,0.05,0.85,0.7,3,0.0,0.6746102892461513,0.538252870981392
300,5,0.1,0.7,0.7,1,0.1,0.6746374508064212,0.5580361441277323
500,4,0.1,0.85,1.0,3,1.0,0.6747014116563634,0.5476079963998595
500,4,0.1,0.7,0.85,3,0.0,0.6747619799964224,0.5075494634914216
500,6,0.05,0.85,0.7,3,0.0,0.6749811666943949,0.5386549654491062
500,4,0.05,1.0,0.7,5,0.1,0.6750066669083314,0.5247276986919803
500,4,0.1,0.7,1.0,1,0.1,0.6750104988198797,0.5444559703689896
300,5,0.05,0.85,0.85,5,1.0,0.6750391207123216,0.5621409343733595
300,6,0.1,1.0,1.0,1,1.0,0.6750392445948806,0.5571625042852124
500,6,0.1,1.0,1.0,1,1.0,0.6750392445948806,0.5571625042852124
500,5,0.1,0.7,0.7,5,0.1,0.6750569507430844,0.5446548021033117
300,6,0.1,0.7,0.7,3,1.0,0.6750949832559708,0.5576917030081809
300,6,0.1,0.7,0.85,3,0.0,0.6751730233911952,0.4555494174610916
300,5,0.05,0.85,1.0,3,1.0,0.675196660778544,0.5298807292856017
500,6,0.1,0.7,0.85,3,0.0,0.6752012539366997,0.45562883594283576
300,5,0.1,0.85,0.7,3,1.0,0.6752632605249355,0.5178657979347935
500,5,0.05,0.85,1.0,3,1.0,0.6752731985904427,0.5320653964609577
500,6,0.05,0.85,0.7,5,0.1,0.6752940861849486,0.5169295000449008
300,4,0.05,1.0,0.85,3,0.1,0.6753007023283745,0.5307860555481202
300,6,0.05,0.7,1.0,3,1.0,0.6753501240805859,0.5550559880470234
300,6,0.05,0.85,0.7,5,0.1,0.675374355456576,0.5156633703211863
500,5,0.1,0.85,0.85,3,0.1,0.6754833526428087,0.5488212730157543
300,4,0.1,1.0,0.85,5,1.0,0.6755354199104391,0.529174082358013
500,4,0.1,1.0,0.85,5,1.0,0.6755354199104391,0.529174082358013
500,5,0.05,1.0,0.7,5,0.0,0.67559446929345,0.5360211280290538
300,4,0.1,0.7,1.0,5,0.1,0.6756352836275766,0.5450049267866223
500,4,0.1,0.7,1.0,1,1.0,0.675769411173766,0.6003197098726256
300,5,0.1,0.85,0.85,3,0.1,0.6758133498940231,0.5480367685168531
300,4,0.05,1.0,1.0,3,0.0,0.6759078669886867,0.5332525236934659
300,5,0.05,0.7,1.0,3,0.1,0.6760540089458484,0.497420944638093
500,6,0.05,0.7,1.0,3,1.0,0.6760969305970697,0.5571188166814185
500,6,0.05,1.0,0.85,3,0.1,0.6761154864303071,0.5953191623435146
300,6,0.05,1.0,0.7,1,1.0,0.6761194491732571,0.5425326447004981
500,6,0.05,1.0,0.7,1,1.0,0.6761194491732571,0.5425326447004981
300,4,0.05,0.85,1.0,3,0.1,0.6761552455231694,0.5653134123115434
500,5,0.05,0.7,1.0,3,0.1,0.6762310585957337,0.49627289474194525
300,5,0.05,1.0,0.85,3,0.1,0.6763664825067771,0.5543149365500851
500,5,0.05,0.7,0.7,5,1.0,0.6763712170918291,0.5382477026560589
300,5,0.1,0.85,1.0,1,0.0,0.6764728584724329,0.550360589465468
300,4,0.05,0.85,1.0,1,0.1,0.6764809138387824,0.5283607765502386
500,4,0.1,0.7,1.0,5,0.1,0.6765074302825831,0.5443361851768983
300,4,0.1,1.0,0.85,3,1.0,0.676517820483335,0.5266433314555641
500,4,0.1,1.0,0.85,3,1.0,0.676517820483335,0.5266433314555641
300,6,0.05,1.0,0.85,3,0.1,0.6765662746160442,0.595287234587108
500,4,0.1,0.7,0.85,1,0.1,0.6766057204242711,0.5326885265379463
300,4,0.05,1.0,0.85,5,1.0,0.6766064214651035,0.5915738231392119
300,5,0.1,1.0,0.85,3,1.0,0.6766741003810758,0.505567735798616
500,5,0.1,1.0,0.85,3,1.0,0.6766741003810758,0.505567735798616
500,6,0.05,0.7,1.0,5,1.0,0.6766830480481688,0.5227429012514857
500,5,0.1,0.85,1.0,1,0.0,0.6767467293961507,0.5503562207143178
300,4,0.1,0.7,1.0,1,0.1,0.6767850859228753,0.5440806317234558
300,4,0.05,1.0,1.0,1,0.0,0.6767937666283077,0.5071105955603128
500,5,0.1,0.7,0.7,3,0.1,0.676799120487151,0.5871631626499073
500,4,0.05,1.0,0.7,1,0.1,0.6769711070982422,0.5239895860753575
300,5,0.1,0.7,0.7,3,0.1,0.6772044892188737,0.5852338063830749
300,5,0.05,0.85,0.7,1,0.1,0.6772566079217408,0.5588948025395537
300,6,0.05,0.85,0.7,5,0.0,0.6774879598152622,0.5358289543982233
300,4,0.05,1.0,0.7,3,0.1,0.6775125333925246,0.5394388176138334
300,6,0.1,1.0,0.7,5,1.0,0.677608157856755,0.5160966352952384
500,6,0.1,1.0,0.7,5,1.0,0.677608157856755,0.5160966352952384
300,4,0.05,1.0,0.85,3,0.0,0.677673284566093,0.536837722795752
500,6,0.1,0.7,1.0,5,0.0,0.6776820853850027,0.45076528070671196
300,5,0.05,0.7,0.7,5,1.0,0.6777154127285568,0.5314655763188361
300,4,0.1,0.7,0.7,1,0.1,0.6777353709722378,0.5199163344625145
500,5,0.05,1.0,0.85,3,0.1,0.6777765948142586,0.5555305122774943
300,6,0.05,0.85,1.0,3,1.0,0.677832845844101,0.5437409745416756
300,4,0.1,0.7,1.0,1,1.0,0.6778377448120543,0.596203335145842
500,4,0.05,1.0,1.0,1,0.0,0.677882157821998,0.5082545819329873
300,6,0.1,0.7,1.0,5,0.0,0.6779111434643272,0.45025441677487826
500,6,0.05,0.7,1.0,3,0.0,0.6779135384620643,0.5007343639838099
300,6,0.05,0.7,1.0,3,0.0,0.6779302589400109,0.4992786777109108
500,6,0.05,0.85,0.7,5,0.0,0.6780175169689561,0.5357892975869054
500,6,0.05,0.85,1.0,3,1.0,0.6780467711406162,0.5439310744495122
300,5,0.05,1.0,0.85,1,0.0,0.6781168175835958,0.5688894081732829
500,6,0.05,0.85,1.0,1,0.1,0.6781370747961537,0.4789774923792382
300,6,0.05,0.85,1.0,1,0.1,0.6781779528782556,0.4788436762659409
300,5,0.05,1.0,0.85,3,1.0,0.6782100723636295,0.5365735889448392
500,5,0.05,1.0,0.85,3,1.0,0.6782100723636295,0.5365735889448392
300,4,0.05,0.85,1.0,5,0.0,0.6782462626031152,0.5280109083732372
300,5,0.05,0.85,0.7,1,0.0,0.6782708653878968,0.5327278253444022
300,5,0.1,0.7,1.0,3,0.0,0.6783563705812081,0.5392291840201014
300,4,0.1,1.0,1.0,1,1.0,0.6783670517751882,0.5406688448209135
500,4,0.1,1.0,1.0,1,1.0,0.6783670517751882,0.5406688448209135
300,4,0.1,0.7,0.7,1,0.0,0.6783876858163281,0.5655406563475902
300,6,0.1,1.0,0.85,5,1.0,0.6784460692400368,0.5705342001755359
500,6,0.1,1.0,0.85,5,1.0,0.6784460692400368,0.5705342001755359
500,5,0.1,0.7,1.0,3,0.0,0.678481951452701,0.5393863595494471
500,4,0.05,0.85,1.0,3,0.1,0.6785056104239676,0.5659657697070415
300,4,0.05,1.0,0.85,5,0.1,0.6787021817305089,0.522828473550383
500,4,0.05,1.0,0.7,5,1.0,0.6787965960243808,0.5239959195952308
500,5,0.05,1.0,1.0,3,0.0,0.6788568284665563,0.5487231579036752
300,4,0.05,1.0,0.7,5,0.1,0.6789030377429882,0.5248792061858633
500,5,0.05,1.0,0.85,1,0.0,0.6789954019150843,0.5710347989786617
500,4,0.05,0.85,1.0,1,0.1,0.6790321365833154,0.5311355649271946
300,6,0.1,0.85,0.7,1,0.1,0.679124564264025,0.5034062387114471
500,5,0.1,0.85,0.7,1,0.1,0.6791527730811384,0.511308893294696
300,5,0.1,0.85,0.7,1,0.1,0.6791675092943281,0.5103858507956385
500,6,0.1,0.85,0.7,1,0.1,0.6791936037244588,0.5035166975591849
500,4,0.1,0.7,0.7,1,0.1,0.6791950863929027,0.5200614341359279
500,5,0.05,0.85,0.7,1,0.1,0.6794106197503681,0.5586742302876759
500,6,0.05,0.7,0.85,1,0.0,0.6795536740267402,0.4918024221789803
500,4,0.1,0.85,0.85,5,0.0,0.6795876166115864,0.5303948541317596
300,4,0.1,0.85,0.85,5,0.0,0.6795975186280953,0.529898753010204
300,6,0.05,0.7,0.85,1,0.0,0.6796431160629067,0.4916362217704194
500,5,0.05,0.85,0.7,1,0.0,0.679714234871956,0.5304105910275498
300,6,0.05,1.0,0.7,1,0.1,0.6797191138869141,0.5062921056762048
500,6,0.05,1.0,0.7,1,0.1,0.679726266995121,0.5064717746956409
500,4,0.05,1.0,0.85,5,0.1,0.6797390096591389,0.5278355612217566
300,6,0.05,0.85,0.85,3,0.1,0.6797502814405296,0.520116041159705
500,4,0.1,0.7,1.0,3,0.0,0.679830048341488,0.5711640466881354
500,6,0.05,0.85,0.85,3,0.1,0.679942271063156,0.5197294715704045
500,4,0.1,0.85,1.0,1,0.0,0.6800735160127074,0.529496301537235
300,4,0.1,0.7,0.7,5,0.1,0.6800831171501864,0.5294397986058202
300,6,0.1,1.0,0.7,3,0.1,0.6800938886854404,0.4998148140403749
500,6,0.1,1.0,0.7,3,0.1,0.6800938886854404,0.4998148140403749
500,4,0.1,0.7,0.7,1,0.0,0.680113598609803,0.5680299216681309
300,6,0.1,1.0,1.0,5,0.1,0.6802242155771486,0.5885685065644909
500,6,0.1,1.0,1.0,5,0.1,0.6802242155771486,0.5885685065644909
300,6,0.1,0.85,1.0,1,0.1,0.6802565569448781,0.5367584505387684
300,4,0.1,0.85,1.0,1,0.0,0.6803508419506819,0.5260017964970173
300,4,0.05,1.0,0.7,5,1.0,0.6803568409642144,0.5192180844318104
500,4,0.05,1.0,0.85,5,1.0,0.6803658512748332,0.5952816867995823
500,6,0.1,0.85,1.0,1,0.1,0.6804627695864899,0.5371937023517992
500,6,0.05,0.85,0.85,1,0.1,0.680554990247793,0.5691618764618621
300,4,0.1,0.7,0.7,3,0.1,0.6806142483372414,0.5286719287387581
500,4,0.1,0.7,0.7,3,0.1,0.6806209955703404,0.5318608682794419
500,6,0.05,0.85,0.7,1,0.1,0.6806537824518375,0.5550368144890876
300,4,0.1,0.7,1.0,3,0.0,0.6807320229559221,0.5720871703426699
500,4,0.1,0.7,0.85,1,1.0,0.680802662694697,0.5292641498627934
300,6,0.05,0.85,0.85,1,0.1,0.6809155849801565,0.5680680934678816
300,6,0.05,0.85,0.7,1,0.1,0.6809692659850383,0.5535217079501801
500,6,0.05,0.85,1.0,5,0.1,0.6811217807204628,0.5185972505900569
300,6,0.05,0.85,1.0,5,0.1,0.6811735214234231,0.5181263881666215
300,5,0.05,1.0,0.7,3,0.0,0.6812281591230219,0.5269857670614774
500,4,0.05,0.85,1.0,5,0.0,0.6814222389778766,0.5264409599555807
300,6,0.05,1.0,1.0,5,0.1,0.6815456200060951,0.5416461192236696
300,4,0.05,0.85,1.0,5,0.1,0.6815909612806967,0.5579031885421781
500,5,0.1,0.7,0.85,1,0.1,0.6815951301894211,0.4743539396810841
500,5,0.05,1.0,0.7,3,0.0,0.681668734318004,0.5297879843621188
500,6,0.05,1.0,1.0,5,0.1,0.6817536800708567,0.542056936521819
500,4,0.1,0.7,1.0,1,0.0,0.6818816976711133,0.5866346538671228
300,6,0.1,1.0,0.85,3,1.0,0.6819497362686011,0.5668376041957152
500,6,0.1,1.0,0.85,3,1.0,0.6819497362686011,0.5668376041957152
300,5,0.1,0.7,0.85,1,0.1,0.6819970142748134,0.47452811469869277
500,4,0.05,1.0,0.7,3,0.0,0.682088013100354,0.5345174460039294
300,4,0.05,1.0,1.0,3,0.1,0.6821867401257382,0.5090763572055381
300,4,0.05,1.0,0.7,1,0.1,0.6823511742638577,0.5212192295641754
300,4,0.1,0.85,1.0,3,0.1,0.6823720296971741,0.551875027690362
300,5,0.05,1.0,1.0,3,0.0,0.6823804058702929,0.5442951302042499
300,4,0.05,0.7,1.0,1,0.0,0.6824142262969383,0.5064201244276229
300,6,0.05,0.85,0.7,3,0.1,0.6824357008520616,0.5429463788248361
300,4,0.1,0.7,1.0,1,0.0,0.6825847934575586,0.5848076823942059
300,4,0.1,0.7,0.85,1,1.0,0.682660901986099,0.5283933553127662
500,6,0.05,0.85,0.7,3,0.1,0.6829285989733823,0.5424941434684927
500,4,0.1,0.7,0.7,5,0.1,0.6830403546214929,0.5265761807977228
300,4,0.1,0.85,1.0,5,1.0,0.6830423032768501,0.5547342797712751
500,4,0.1,0.85,1.0,5,1.0,0.6830547178476203,0.5528935324998652
300,5,0.05,0.85,1.0,1,1.0,0.6830781129478946,0.526368134145374
500,5,0.05,0.85,1.0,1,1.0,0.6832114890848517,0.5286373459371133
500,4,0.1,0.7,0.7,5,1.0,0.6832667104985595,0.5710258357576175
500,4,0.1,1.0,1.0,3,0.0,0.683417674781256,0.5183359325879769
300,6,0.1,0.85,0.85,1,0.0,0.6836179120309843,0.5195411343989667
500,6,0.1,0.85,0.85,1,0.0,0.6836203310585567,0.5195286059688514
500,6,0.05,1.0,0.7,3,0.0,0.683826527739455,0.5027392976540834
300,6,0.05,1.0,0.7,3,0.0,0.6839460173565993,0.5012647804198415
500,6,0.05,1.0,0.7,1,0.0,0.6839786917834967,0.5338402230898838
500,4,0.1,0.85,0.7,5,1.0,0.6840433537324977,0.5732024201040193
300,6,0.05,1.0,0.7,1,0.0,0.6841064659145435,0.5339735551850321
300,6,0.05,1.0,1.0,5,0.0,0.684398831774326,0.5240522467230581
500,4,0.1,0.85,1.0,3,0.1,0.6844182866299354,0.5503435746150476
500,5,0.05,1.0,1.0,1,0.1,0.6846090581963866,0.5755522397382734
300,5,0.1,0.7,1.0,1,0.0,0.6846875593330566,0.4761573631914797
300,4,0.1,0.7,0.7,5,0.0,0.6851133102620734,0.5377319508687645
500,4,0.05,1.0,1.0,3,0.1,0.6852301286193101,0.5153571208566716
500,5,0.1,0.7,1.0,1,0.0,0.6852481679373251,0.47551529426367867
500,4,0.1,0.7,0.7,5,0.0,0.6853675925798111,0.5390344115369076
500,5,0.1,0.7,0.7,5,1.0,0.6853931830468956,0.5421881656901204
300,4,0.1,1.0,1.0,3,0.0,0.6854033696222677,0.5127274543415649
300,5,0.1,0.7,0.85,3,0.0,0.6855346490264307,0.41782623781910905
500,6,0.05,1.0,1.0,5,0.0,0.6855881158691965,0.5243531928498384
300,5,0.05,1.0,1.0,3,1.0,0.6856294808445035,0.5578356294917453
500,5,0.05,1.0,1.0,3,1.0,0.6856294808445035,0.5578356294917453
300,5,0.1,1.0,1.0,1,0.0,0.6857258084824622,0.5485655615529976
500,5,0.1,0.7,0.85,3,0.0,0.6859196807899771,0.41704478224634167
500,4,0.05,1.0,0.85,3,0.0,0.6861487577546752,0.5270142887631777
300,5,0.1,0.7,0.85,1,0.0,0.6861639847004691,0.43746081107549883
300,4,0.1,1.0,0.7,5,1.0,0.6862505222072052,0.519352024186294
500,4,0.1,1.0,0.7,5,1.0,0.6862505222072052,0.519352024186294
300,6,0.05,0.85,1.0,3,0.0,0.6862824535287082,0.48927875747024036
300,4,0.1,0.7,0.7,5,1.0,0.6863461898103499,0.5659802006922259
300,5,0.05,1.0,1.0,1,0.1,0.6863881633915128,0.5700215824039411
500,5,0.1,1.0,1.0,1,0.0,0.6864574080396274,0.5477573315095032
500,6,0.05,0.85,1.0,3,0.0,0.6866587069709095,0.48914640841296286
300,4,0.1,0.7,0.7,3,1.0,0.6867443787565274,0.49486021589755635
300,4,0.05,1.0,0.7,3,0.0,0.6867461136155222,0.5357659345259307
500,5,0.1,1.0,0.7,5,0.1,0.6867588352685332,0.5090483347699541
300,5,0.1,1.0,0.7,5,0.1,0.6867736619527797,0.5084649913020267
500,6,0.1,0.85,0.85,5,0.0,0.6868047739738485,0.4774796033599332
300,5,0.05,1.0,1.0,1,1.0,0.6868417556953392,0.5762101714301835
500,5,0.05,1.0,1.0,1,1.0,0.6868417556953392,0.5762101714301835
500,5,0.1,0.7,0.85,1,0.0,0.6868489598386003,0.436841450386034
300,6,0.1,0.85,0.85,5,0.0,0.6868791517493736,0.47724891233811106
300,6,0.1,0.7,1.0,3,0.1,0.6869397900089689,0.49424121642012836
300,4,0.1,0.85,0.7,5,1.0,0.6869794169687651,0.568439786921417
500,5,0.1,0.7,1.0,3,0.1,0.6869827046571649,0.474912294953938
300,5,0.05,1.0,0.85,1,1.0,0.6870695868126653,0.5434867226608965
500,5,0.05,1.0,0.85,1,1.0,0.6870695868126653,0.5434867226608965
500,6,0.1,0.7,1.0,3,0.1,0.6871183351845153,0.494855215953086
300,5,0.1,0.7,1.0,3,0.1,0.6874428884122821,0.4732475376466572
300,4,0.1,1.0,0.85,1,1.0,0.6881771798829768,0.5849936589080112
500,4,0.1,1.0,0.85,1,1.0,0.6881771798829768,0.5849936589080112
300,4,0.1,1.0,0.7,1,1.0,0.6883991447915917,0.5368525409883854
500,4,0.1,1.0,0.7,1,1.0,0.6883991447915917,0.5368525409883854
300,6,0.05,1.0,0.85,3,0.0,0.6884730706138316,0.5883887658690595
500,4,0.1,0.7,0.85,3,0.1,0.6886148453850892,0.5636352776536332
300,4,0.1,0.7,0.85,3,0.1,0.688792819319088,0.561840141288371
500,4,0.05,0.7,1.0,1,0.0,0.6888717767163859,0.5020473600556993
500,5,0.05,1.0,1.0,5,0.1,0.688888755530886,0.5491900190049095
500,4,0.1,0.7,0.7,3,1.0,0.6888976987037407,0.4959908278101011
300,5,0.1,0.7,0.7,5,1.0,0.6889331523352767,0.5366359229787657
500,4,0.05,0.85,1.0,5,0.1,0.6890052343385585,0.5607127913307336
300,5,0.1,1.0,0.7,3,0.1,0.6891401490574606,0.4409864402667614
500,5,0.1,1.0,0.7,3,0.1,0.6891401490574606,0.4409864402667614
300,6,0.05,1.0,0.85,3,1.0,0.6891648974405838,0.5916505105672769
500,6,0.05,1.0,0.85,3,1.0,0.6891648974405838,0.5916505105672769
500,6,0.05,1.0,0.85,3,0.0,0.6893375217508513,0.5878894241084618
300,5,0.1,0.85,0.7,3,0.1,0.6898083173062848,0.46098885164029946
300,5,0.1,1.0,1.0,5,0.0,0.6903090799997161,0.5049390892856119
500,5,0.1,0.85,0.7,3,0.1,0.6903238864831238,0.4606030352350432
500,4,0.1,1.0,0.7,5,0.0,0.6906746952820387,0.5179848734665893
500,5,0.1,1.0,1.0,5,0.0,0.6907762127328376,0.5060733951722515
300,4,0.1,1.0,0.7,5,0.0,0.6911883555792492,0.5138452609964684
500,6,0.05,1.0,1.0,1,0.1,0.691220464736363,0.5563632230872289
500,6,0.05,0.85,1.0,3,0.1,0.6912834056085573,0.4889011507092273
300,6,0.05,0.85,1.0,3,0.1,0.6914179310196452,0.48707289603983844
300,6,0.05,1.0,1.0,1,0.1,0.6914821018255426,0.5559953522444078
300,5,0.05,1.0,1.0,5,0.1,0.6914963147744277,0.5408046353174428
300,4,0.1,1.0,0.7,5,0.1,0.6918663098715802,0.5386748922128949
300,6,0.05,0.7,1.0,1,0.0,0.6922808700679559,0.46117101257280685
500,6,0.05,0.7,1.0,1,0.0,0.6925921241850023,0.46124837039634903
300,6,0.05,1.0,1.0,3,0.1,0.6926127223875227,0.518872585966345
500,6,0.05,1.0,1.0,3,0.1,0.6928836637582177,0.5188917285786198
300,5,0.1,0.85,0.7,1,0.0,0.6929192809579979,0.5120163519739425
500,5,0.1,0.85,0.7,1,0.0,0.6931122698719903,0.5115872935577908
300,4,0.1,0.85,0.7,1,0.1,0.6931910965370358,0.47630782748066264
500,4,0.1,1.0,0.7,5,0.1,0.6932618716084469,0.5353832532030796
500,4,0.1,0.7,0.7,1,1.0,0.6933294451995382,0.5354870684559708
500,6,0.1,0.7,0.85,1,0.0,0.6935064167855615,0.39362382419245545
300,6,0.1,1.0,0.85,1,1.0,0.6935260898899478,0.5460347379303391
500,6,0.1,1.0,0.85,1,1.0,0.6935260898899478,0.5460347379303391
300,6,0.1,0.7,0.85,1,0.0,0.6935309174108923,0.39357771593705215
500,6,0.1,0.7,0.7,5,1.0,0.6935571512557136,0.5398189322707733
300,6,0.1,0.7,1.0,1,0.1,0.6937534721693575,0.4979557576677551
500,6,0.1,0.7,1.0,1,0.1,0.6937622581529939,0.49835048489437145
500,6,0.1,0.85,1.0,1,0.0,0.6939634336484168,0.4517018655145645
300,6,0.1,0.85,1.0,1,0.0,0.6939730928975365,0.4516789553557842
300,5,0.05,0.85,0.85,1,0.0,0.6940196386185074,0.5228914031310584
300,6,0.1,0.7,0.7,5,1.0,0.6940481193687409,0.538420672957388
500,6,0.1,0.85,0.7,3,1.0,0.6942105889525367,0.5094720088832819
500,6,0.05,1.0,0.85,5,0.0,0.6943577241989831,0.539937831537837
500,6,0.1,0.85,0.7,3,0.1,0.6944841332657089,0.4061940170180318
500,4,0.1,0.85,0.7,1,0.1,0.69462334830818,0.47950388044342246
300,5,0.1,1.0,0.85,1,1.0,0.6947429399631858,0.5375995399257875
500,5,0.1,1.0,0.85,1,1.0,0.6947429399631858,0.5375995399257875
300,6,0.1,0.85,0.7,3,1.0,0.6947595334893127,0.5077070451714663
300,6,0.05,1.0,0.85,1,0.1,0.694858976429003,0.5637321103643117
300,6,0.1,0.85,0.7,3,0.1,0.694867680458232,0.4055872870236606
500,5,0.05,0.85,0.85,1,0.0,0.6950530015113733,0.5226522730808733
500,6,0.05,1.0,0.85,1,0.1,0.6950873802685642,0.5637621659219656
300,5,0.1,1.0,0.85,1,0.1,0.6951195788100599,0.5639742110475128
500,5,0.1,1.0,0.85,1,0.1,0.6951195788100599,0.5639742110475128
300,6,0.1,1.0,0.85,3,0.1,0.695321775530897,0.5069626115808067
500,6,0.1,1.0,0.85,3,0.1,0.695321775530897,0.5069626115808067
300,4,0.1,0.85,0.7,3,0.0,0.6955479352884111,0.4868667799390433
300,6,0.05,1.0,0.85,5,0.0,0.6957528087898773,0.5343862980571313
300,6,0.1,0.85,0.85,3,0.1,0.6958139801878171,0.49993859820673536
500,6,0.1,0.85,0.85,3,0.1,0.695970400096059,0.5004193128364302
300,6,0.1,1.0,0.7,3,0.0,0.6959750143895811,0.44154508239367096
300,4,0.1,0.7,0.7,1,1.0,0.6959857505811207,0.5275484851100295
500,5,0.1,0.85,0.85,1,0.1,0.6959984435688001,0.5144472101275691
500,6,0.1,1.0,0.7,3,0.0,0.6960087750747828,0.44146520691181534
300,5,0.05,1.0,0.85,5,1.0,0.6960729808311447,0.5440240491214771
500,5,0.05,1.0,0.85,5,1.0,0.6960729808311447,0.5440240491214771
300,5,0.1,0.85,0.85,1,0.1,0.696165908730179,0.5143123231122377
300,6,0.1,0.7,0.7,3,0.1,0.6964737312308551,0.5541239187239836
300,6,0.05,0.85,1.0,1,0.0,0.6965528018734671,0.4866360377507861
300,6,0.05,1.0,0.85,5,0.1,0.6965529604093399,0.5316852419947774
500,6,0.05,0.85,1.0,1,0.0,0.6966068340928911,0.4876551541477158
300,6,0.1,0.85,0.7,5,0.0,0.6966309867690886,0.49343974141334224
300,6,0.1,1.0,1.0,3,0.1,0.6966385363881679,0.5511988470376303
500,6,0.1,1.0,1.0,3,0.1,0.6966385363881679,0.5511988470376303
500,6,0.1,0.85,0.7,5,0.0,0.6966821837017163,0.4933418275748704
500,6,0.1,0.7,0.7,3,0.1,0.69680648565061,0.5539438089628733
500,5,0.05,1.0,1.0,3,0.1,0.6971471561493241,0.5294324885203818
500,4,0.1,0.7,1.0,5,0.0,0.697199459336129,0.5608014956559257
500,4,0.1,0.85,0.7,3,0.0,0.697259066523818,0.4858489314560293
300,4,0.05,1.0,1.0,5,0.1,0.6973832601539249,0.5120977109712151
500,6,0.05,1.0,0.85,5,0.1,0.6974200963165058,0.5322235291927564
500,6,0.1,0.85,0.7,5,0.1,0.6974469515448704,0.4465437631588375
300,5,0.1,1.0,1.0,3,1.0,0.697563249604588,0.5087002564091861
500,5,0.1,1.0,1.0,3,1.0,0.697563249604588,0.5087002564091861
300,6,0.1,0.85,0.7,5,0.1,0.6976300306330342,0.44639030607030034
300,4,0.1,0.85,1.0,5,0.0,0.6979919740020937,0.5397550359558376
300,4,0.1,0.7,1.0,5,0.0,0.6981584178452621,0.5574535887523401
300,5,0.1,1.0,0.85,5,0.0,0.6986150733461236,0.4923679727820799
500,5,0.1,1.0,0.85,5,0.0,0.6986681447810734,0.4931875886128129
300,6,0.05,1.0,0.85,1,0.0,0.6986773356606172,0.5764194561077458
500,4,0.1,0.85,1.0,5,0.0,0.6987148180524073,0.5442359160947264
300,5,0.05,1.0,0.85,5,0.1,0.6988559672548428,0.478541439197446
300,6,0.1,1.0,1.0,1,0.1,0.6989953442275391,0.5313806670540423
500,6,0.1,1.0,1.0,1,0.1,0.6989953442275391,0.5313806670540423
500,6,0.05,1.0,0.85,1,0.0,0.6990114336520807,0.5764378955785957
500,6,0.1,0.85,0.7,1,0.0,0.6992004716463858,0.43663687175146265
300,6,0.1,0.85,0.7,1,0.0,0.6992338206225459,0.43661709330771753
500,5,0.05,1.0,0.85,5,0.1,0.6992852329781659,0.4779507823330286
300,6,0.1,0.85,0.85,1,0.1,0.6993212887771368,0.5292365279544594
500,6,0.1,0.85,0.85,1,0.1,0.6995275632311386,0.5292377705229777
300,6,0.1,1.0,1.0,5,0.0,0.6998368578722404,0.505069248849861
500,6,0.1,1.0,1.0,5,0.0,0.6998428899935197,0.505254180177718
300,6,0.1,0.85,0.7,3,0.0,0.6998472779499401,0.45817958006475323
500,6,0.1,0.85,0.7,3,0.0,0.6998676205245945,0.45822223604986545
300,5,0.1,1.0,1.0,3,0.1,0.7002561140071433,0.47869559151515434
500,5,0.1,1.0,1.0,3,0.1,0.7002561140071433,0.47869559151515434
500,4,0.05,1.0,1.0,5,0.1,0.7004455898154254,0.5106836455214289
300,5,0.05,1.0,1.0,3,0.1,0.7011367250923641,0.5220504893316453
300,5,0.1,1.0,1.0,5,0.1,0.701262618569368,0.5430633501181156
500,5,0.1,1.0,1.0,5,0.1,0.701262618569368,0.5430633501181156
300,6,0.1,0.7,1.0,1,0.0,0.7017752678693389,0.4576253309622831
500,6,0.1,0.7,1.0,1,0.0,0.701852972606072,0.45751243475209896
500,4,0.1,0.7,0.85,1,0.0,0.7020242861591134,0.48793296715268747
300,4,0.1,0.7,0.85,1,0.0,0.7021456437997092,0.4833659516727198
300,6,0.1,1.0,0.85,5,0.1,0.7032381231828972,0.5217390314181881
500,6,0.1,1.0,0.85,5,0.1,0.7032381231828972,0.5217390314181881
300,6,0.05,1.0,1.0,3,0.0,0.7035478315230735,0.5785417614638703
500,4,0.1,1.0,0.85,5,0.0,0.7036813271843166,0.5080294157618711
300,5,0.05,1.0,1.0,5,0.0,0.7038894396220785,0.5120497784546689
500,6,0.05,1.0,1.0,3,0.0,0.7039002313161526,0.5773046975527776
500,5,0.05,1.0,1.0,5,0.0,0.7039431747169559,0.5139283406318427
500,5,0.05,1.0,0.85,5,0.0,0.7039698748846162,0.5057867812602883
300,4,0.1,1.0,0.85,5,0.0,0.7043810622969653,0.5065391767329207
500,4,0.1,1.0,1.0,5,0.0,0.7048340253328192,0.5191018247927536
300,6,0.1,0.7,0.85,1,0.1,0.7049370446585494,0.40609086120070226
500,6,0.1,0.7,0.85,1,0.1,0.70542763591994,0.4065363754249045
500,6,0.1,1.0,0.85,1,0.0,0.7056229886256792,0.4816913262193287
300,6,0.1,1.0,0.85,1,0.0,0.7056352676711667,0.4816926913935515
300,5,0.1,1.0,0.85,5,0.1,0.7057180484301515,0.5522610302800278
500,5,0.1,1.0,0.85,5,0.1,0.7057180484301515,0.5522610302800278
300,4,0.1,1.0,1.0,5,0.0,0.7058488097031005,0.5166743923850965
500,6,0.1,1.0,1.0,3,0.0,0.7062713508752785,0.5370314260495272
300,6,0.1,1.0,1.0,3,0.0,0.7062725999546479,0.5370312064758707
300,5,0.05,1.0,0.85,5,0.0,0.7062957808757163,0.5058948385000035
500,4,0.1,0.7,1.0,3,0.1,0.7065986607676189,0.5071266787623834
300,4,0.1,0.7,1.0,3,0.1,0.7066956126213463,0.5067245655058383
300,6,0.1,1.0,0.85,3,0.0,0.7071087191187786,0.49909033327714586
500,6,0.1,1.0,0.85,3,0.0,0.7071244717321762,0.4991117338669629
300,5,0.1,0.85,0.7,3,0.0,0.7075191730101317,0.43813377210883103
500,5,0.1,0.85,0.7,3,0.0,0.7081697435723892,0.437863646843214
300,6,0.1,0.85,0.85,3,1.0,0.7082262756946879,0.5166152220227613
500,6,0.1,0.85,0.85,3,1.0,0.7091125300996896,0.5175068453276636
500,4,0.05,1.0,1.0,5,0.0,0.709293171498007,0.49638088290813576
300,4,0.1,0.7,0.7,3,0.0,0.7095013804394443,0.5301485064308507
300,5,0.1,1.0,1.0,1,0.1,0.710044272003191,0.5393264708833657
500,5,0.1,1.0,1.0,1,0.1,0.710044272003191,0.5393264708833657
300,6,0.1,1.0,0.85,1,0.1,0.7104037893960267,0.5415741656557718
500,6,0.1,1.0,0.85,1,0.1,0.7104037893960267,0.5415741656557718
300,4,0.1,0.85,0.7,5,0.0,0.7104135049572915,0.4701952180308987
300,4,0.1,0.85,0.7,5,0.1,0.710467846849812,0.4956375324698705
500,4,0.1,0.85,0.7,5,0.1,0.7105781737682393,0.49890056678207184
300,6,0.05,1.0,1.0,1,0.0,0.7110382453249758,0.556406960590481
300,4,0.1,1.0,1.0,5,1.0,0.711068472886602,0.5386748073459078
500,4,0.1,1.0,1.0,5,1.0,0.711068472886602,0.5386748073459078
300,4,0.1,1.0,0.85,3,0.1,0.7113642036491575,0.5225744711175263
500,4,0.1,0.7,0.7,3,0.0,0.7113897074361039,0.5283586192908422
300,4,0.05,1.0,1.0,5,0.0,0.7117961921732038,0.4929185951236466
500,6,0.05,1.0,1.0,1,0.0,0.7118302268191277,0.5564672248075652
300,6,0.1,0.7,1.0,5,1.0,0.7132531269642273,0.48431354163248
300,6,0.1,1.0,0.7,1,0.0,0.7134301547557349,0.4275424874413611
500,6,0.1,1.0,0.7,1,0.0,0.7134366685689018,0.4275218700025307
500,6,0.1,0.7,1.0,5,1.0,0.7142938971063166,0.48569249677634907
500,4,0.1,1.0,0.85,3,0.1,0.7149569011785832,0.5198361446922272
500,4,0.1,0.85,0.7,5,0.0,0.7154519027974845,0.4689967623015138
300,5,0.1,1.0,1.0,5,1.0,0.7155908541284526,0.5758079444561716
500,5,0.1,1.0,1.0,5,1.0,0.7155908541284526,0.5758079444561716
300,4,0.1,1.0,1.0,5,0.1,0.7159796612012718,0.46578426620896374
500,4,0.1,1.0,1.0,5,0.1,0.7168624948083788,0.465778032567619
300,4,0.1,0.85,1.0,5,0.1,0.717707857885973,0.4837960970071628
500,4,0.1,0.85,1.0,5,0.1,0.7191696042317444,0.4846496922618892
300,4,0.1,1.0,0.85,5,0.1,0.719992784494977,0.5038091620560796
500,6,0.1,1.0,0.85,5,0.0,0.7199951984920435,0.5164427043909282
300,6,0.1,1.0,0.85,5,0.0,0.7201160484857659,0.5163291560348482
500,4,0.1,1.0,0.85,5,0.1,0.7226615791674478,0.5036419862194748
300,6,0.1,1.0,1.0,1,0.0,0.7245376102381111,0.5555811004210783
500,6,0.1,1.0,1.0,1,0.0,0.7245586666253222,0.5555974501069293
300,5,0.1,1.0,0.85,5,1.0,0.7248529206523344,0.49173650700043947
500,5,0.1,1.0,0.85,5,1.0,0.7248529206523344,0.49173650700043947
300,6,0.1,0.85,0.85,3,0.0,0.7470972541660328,0.41399955507564873
500,6,0.1,0.85,0.85,3,0.0,0.7471879173841809,0.41392024041876035
